,district_postal_cd,min_total_cost,min_total_state_funding,min_total_erate_funding,min_total_district_funding,builds_wan,min_builds,min_builds_1,min_build_distance,min_total_cost_per_mile,min_miles_per_build,min_miles_per_build_1,max_total_cost,max_total_state_funding,max_total_erate_funding,max_total_district_funding,max_builds,max_builds_1,max_build_distance,max_total_cost_per_mile,max_miles_per_build,max_miles_per_build_1,max_total_cost_wan,max_total_state_funding_wan,max_total_erate_funding_wan,max_total_district_funding_wan,max_builds_wan,max_build_distance_wan,max_total_cost_ia,max_total_state_funding_ia,max_total_erate_funding_ia,max_total_district_funding_ia,max_build_distance_ia,min_total_cost_wan,min_total_state_funding_wan,min_total_erate_funding_wan,min_total_district_funding_wan,min_builds_wan,min_build_distance_wan,min_total_cost_ia,min_total_state_funding_ia,min_total_erate_funding_ia,min_total_district_funding_ia,min_build_distance_ia,total_cost_az_wan,total_state_funding_az_wan,total_erate_funding_az_wan,total_district_funding_az_wan,builds_az_wan,build_distance_az_wan,total_cost_az_pop_wan,total_state_funding_az_pop_wan,total_erate_funding_az_pop_wan,total_district_funding_az_pop_wan,builds_az_pop_wan,build_distance_az_pop_wan,min_builds_ia,max_builds_ia,advice_max_cost_per_mile,advice_ia_builds,advice_ratio_miles_per_build,advice_skew
0,AK,42613183.44,3055276.21,38419151.47,1138755.92,133.66,223.28,135.66,671.295656638,63479.0096117,3.00651942242,4.94836839627,464021108.474,33073681.1664,422945102.889,8002324.45,237.024225352,135.964225352,8966.00214529,51753.4014553,37.8273660929,65.9438328139,463282171.4,33004227.01,422275619.96,8002324.45,234.72,8955.04072393,738937.074085,69454.1564225,669482.929183,0.0,10.9614213528,41971807.74,2994992.04,37838059.93,1138755.92,221.28,661.78146451,641375.7,60284.17,581091.54,0.0,9.51419212773,440216351.97,31572042.24,400686490.07,7957819.73,133.66,8317.24255306,65037627.17,4427176.81,59427189.82,1183260.64,304.0,1299.57963538,2.0,2.30422535211,0,-1,1,1
1,AL,1283714.93,109060.36,1101273.82,73380.71,4.97206812652,8.30413625304,4.97206812652,18.6435259887,68855.8017824,2.24508912433,3.74965215968,3388105.27,299950.78,2853017.41,235137.05,6.64827250608,4.97206812652,71.457405679,47414.3335853,10.7482666533,14.3717672125,3388105.27,299950.78,2853017.41,235137.05,6.64827250608,71.457405679,0.0,0.0,0.0,0.0,0.0,1283714.93,109060.36,1101273.82,73380.71,8.30413625304,18.6435259887,0.0,0.0,0.0,0.0,0.0,3249944.96,290004.72,2730861.76,229078.44,4.97206812652,70.4712597034,1421875.24,119006.42,1223429.47,79439.32,9.96827250608,19.6296719642,0.0,0.0,0,-1,1,1
2,AR,844965.25,71991.49,737377.62,35596.12,4.67770114943,11.0308045977,4.67770114943,8.76856368896,96363.0167919,0.794916056331,1.87454551047,3203838.57,273793.29,2809761.22,120284.08,7.19540229885,4.67770114943,69.3156317624,46221.0108822,9.63332262513,14.8183112918,3203838.57,273793.29,2809761.22,120284.08,7.19540229885,69.3156317624,0.0,0.0,0.0,0.0,0.0,844965.25,71991.49,737377.62,35596.12,11.0308045977,8.76856368896,0.0,0.0,0.0,0.0,0.0,3044074.96,258356.54,2680785.46,104932.94,4.67770114943,67.2163650517,1004728.86,87428.24,866353.38,50947.26,12.1508045977,10.8678303996,0.0,0.0,0,-1,1,1
3,AZ,31495798.54,2283808.23,28852092.16,359898.01,76.0615296367,110.046118547,76.0615296367,511.448055464,61581.6175338,4.64757923512,6.72413581355,82776561.06,5807937.91,75385530.83,1583092.25,155.643059273,76.0615296367,1489.83998137,55560.7059113,9.57215816965,19.5872997623,82776561.06,5807937.91,75385530.83,1583092.25,155.643059273,1489.83998137,0.0,0.0,0.0,0.0,0.0,31495798.54,2283808.23,28852092.16,359898.01,110.046118547,511.448055464,0.0,0.0,0.0,0.0,0.0,56170332.72,4219785.39,50688834.64,1261712.57,76.0615296367,965.78782168,58102026.88,3871960.75,53548788.35,681277.69,177.126118547,1035.50021516,0.0,0.0,0,-1,1,0
4,CA,73274712.6851,5625857.04711,64856740.108,2792115.49,221.221775688,325.524558152,222.291890472,774.234452181,94641.5035893,2.37842102168,3.48296310108,230748002.71,18569132.29,199772249.09,12406621.24,470.596210759,222.221775688,2947.12338398,78296.01026,6.26253105445,13.2620818768,230608883.83,18562176.35,199640086.15,12406621.24,469.596210759,2946.93956315,139118.88,6955.94,132162.94,0.0,0.183820835849,73200276.1,5622135.22,64786025.35,2792115.49,324.454443369,774.037742787,74436.5850809,3721.82711382,70714.7579671,0.0,0.19670939397,127560289.05,10024874.41,112875280.89,4660133.78,221.221775688,1587.133936,176248870.88,14159437.16,151550830.61,10538602.95,529.367102752,2133.84336994,1.07011478357,1.0,0,-1,1,0
5,CO,14744691.62,1457674.15,11445122.44,1841895.12,45.5387868852,67.9024262295,45.5387868852,202.331495681,72873.9318136,2.97973882402,4.44305853361,26973891.16,2612578.96,21088833.41,3272478.79,83.770295082,45.5387868852,385.073388214,70048.7023658,4.59677726857,8.45594304443,26973891.16,2612578.96,21088833.41,3272478.79,83.770295082,385.073388214,0.0,0.0,0.0,0.0,0.0,14744691.62,1457674.15,11445122.44,1841895.12,67.9024262295,202.331495681,0.0,0.0,0.0,0.0,0.0,22476748.72,2172834.01,17321037.71,2982877.06,45.5387868852,331.619279887,19241834.06,1897419.1,15212918.14,2131496.85,101.115147541,255.785604007,0.0,0.0,0,-1,0,0
6,CT,2121196.78,212119.7,1094443.05,814634.03,6.56212664277,7.00425328554,6.56212664277,26.195896776,80974.3906894,3.73999849921,3.9919828132,3029029.71,302902.96,1582027.47,1144099.28,12.8685065711,6.56212664277,36.0894519171,83931.1640686,2.80447864853,5.49965794349,3029029.71,302902.96,1582027.47,1144099.28,12.8685065711,36.0894519171,0.0,0.0,0.0,0.0,0.0,2121196.78,212119.7,1094443.05,814634.03,7.00425328554,26.195896776,0.0,0.0,0.0,0.0,0.0,2123513.64,212351.38,1095601.47,815560.79,6.56212664277,26.5468842522,3026712.85,302671.28,1580869.05,1143172.52,13.2485065711,35.7384644409,0.0,0.0,0,-1,0,1
7,FL,734482.11,73048.84,661433.26,0.0,1.28370707489,2.49482829954,1.28370707489,12.9395952791,56762.3711683,5.18656746096,10.0798659852,1337052.02,132768.1,1204283.93,0.0,1.36741414977,1.28370707489,24.3426119322,54926.3991771,17.8019306998,18.9627465708,1337052.02,132768.1,1204283.93,0.0,1.36741414977,24.3426119322,0.0,0.0,0.0,0.0,0.0,734482.11,73048.84,661433.26,0.0,2.49482829954,12.9395952791,0.0,0.0,0.0,0.0,0.0,1330706.08,132450.81,1198255.29,0.0,1.28370707489,24.3003346546,740828.05,73366.13,667461.9,0.0,2.57482829954,12.9818725566,0.0,0.0,0,-1,1,1
8,GA,1022700.6,98366.59,924295.8,38.21,2.84309536785,3.88619073569,2.84309536785,18.0199219279,56753.8862872,4.63691134931,6.33813488344,1215284.01,115408.01,1099821.58,54.42,4.65238147139,2.84309536785,18.9962130937,63975.0672412,4.08311597202,6.68152511118,1215284.01,115408.01,1099821.58,54.42,4.65238147139,18.9962130937,0.0,0.0,0.0,0.0,0.0,1022700.6,98366.59,924295.8,38.21,3.88619073569,18.0199219279,0.0,0.0,0.0,0.0,0.0,1039359.93,100032.52,939289.2,38.21,2.84309536785,17.6399037725,1198624.68,113742.08,1084828.18,54.42,5.69238147139,19.3762312492,0.0,0.0,0,-1,0,1
9,IA,5921090.55,588694.15,4424498.66,907897.76,38.0981380066,60.9011171961,38.0981380066,54.9806695497,107694.04226,0.902785894268,1.44313272056,15516676.88,1547034.84,11904816.61,2064825.43,76.4877108434,38.0981380066,256.729752693,60439.729783,3.35648367381,6.73864304467,15516676.88,1547034.84,11904816.61,2064825.43,76.4877108434,256.729752693,0.0,0.0,0.0,0.0,0.0,5921090.55,588694.15,4424498.66,907897.76,60.9011171961,54.9806695497,0.0,0.0,0.0,0.0,0.0,11072437.21,1103828.84,8430817.37,1537791.02,38.0981380066,188.184756553,10365330.22,1031900.15,7898497.9,1434932.17,91.5925520263,123.52566569,0.0,0.0,0,-1,1,0
10,IL,34211053.15,3236805.85,25437766.73,5536480.64,194.120366584,320.896989778,196.120366584,264.595996529,129295.430009,0.824551195423,1.34915103993,84623068.9943,7979087.5155,63188808.7293,13455172.7695,454.219809658,196.474966514,903.2493068,93687.3888053,1.98857312604,4.5972742626,83862297.71,7903010.38,62881926.28,13077361.07,451.865209729,894.420640151,760771.284314,76077.1354952,306882.449348,377811.699471,8.82866664942,33564853.11,3172185.84,25177100.41,5215566.93,318.896989778,257.096916504,646200.04,64620.01,260666.32,320913.71,7.49908002527,51115223.63,4879409.95,38658035.55,7577778.15,194.120366584,562.622759171,66311927.19,6195786.27,49400991.14,10715149.85,513.841466338,588.894797484,2.0,2.3545999295,0,-1,1,0
11,IN,10243711.74,1024371.17,7763843.38,1455497.17,30.04,47.44,30.04,134.700070291,76048.3028544,2.83937753565,4.48402364484,22924236.06,2292423.62,17173740.23,3458072.21,42.68,30.04,340.291012837,67366.5633097,7.97307902617,11.3279298548,22924236.06,2292423.62,17173740.23,3458072.21,42.68,340.291012837,0.0,0.0,0.0,0.0,0.0,10243711.74,1024371.17,7763843.38,1455497.17,47.44,134.700070291,0.0,0.0,0.0,0.0,0.0,18737767.68,1873776.78,14040763.95,2823226.97,30.04,274.238887061,14430180.12,1443018.01,10896819.66,2090342.41,60.08,200.752196067,0.0,0.0,0,-1,1,0
12,KS,14656443.89,1465644.41,12327906.39,862893.14,67.54,91.52,67.54,195.891132533,74819.3330678,2.14041884323,2.90037211331,41970079.43,4197007.93,34971812.53,2801258.99,114.16,67.54,731.530513707,57372.9716582,6.40794072974,10.8310706797,41970079.43,4197007.93,34971812.53,2801258.99,114.16,731.530513707,0.0,0.0,0.0,0.0,0.0,14656443.89,1465644.41,12327906.39,862893.14,91.52,195.891132533,0.0,0.0,0.0,0.0,0.0,25559090.51,2555909.07,21637047.37,1366134.12,67.54,411.143225622,31067432.81,3106743.27,25662671.55,2298018.01,137.12,516.278420618,0.0,0.0,0,-1,1,0
13,KY,0.0,0.0,0.0,0.0,0.0,0.0,0.0,0.0,,,,0.0,0.0,0.0,0.0,0.0,0.0,0.0,,,,0.0,0.0,0.0,0.0,0.0,0.0,0.0,0.0,0.0,0.0,0.0,0.0,0.0,0.0,0.0,0.0,0.0,0.0,0.0,0.0,0.0,0.0,0.0,0.0,0.0,0.0,0.0,0.0,0.0,0.0,0.0,0.0,0.0,0.0,0.0,0.0,0,-1,0,0
14,LA,146140.72,7307.04,138833.69,0.0,1.0,2.0,1.0,0.793814628434,184099.303245,0.396907314217,0.793814628434,794243.71,39712.19,754531.53,0.0,1.0,1.0,19.1055426854,41571.3765936,19.1055426854,19.1055426854,794243.71,39712.19,754531.53,0.0,1.0,19.1055426854,0.0,0.0,0.0,0.0,0.0,146140.72,7307.04,138833.69,0.0,2.0,0.793814628434,0.0,0.0,0.0,0.0,0.0,794243.71,39712.19,754531.53,0.0,1.0,19.1055426854,146140.72,7307.04,138833.69,0.0,2.0,0.793814628434,0.0,0.0,0,-1,1,1
15,MA,25409686.73,2493959.98,17550951.47,5364775.28,94.1248753463,130.869750693,94.1248753463,262.837704745,96674.4354837,2.00839157524,2.79243615227,43430600.21,4290263.06,29099201.9,10041135.18,190.339501385,94.1248753463,478.035838535,90852.1845206,2.51149044237,5.07874073433,43430600.21,4290263.06,29099201.9,10041135.18,190.339501385,478.035838535,0.0,0.0,0.0,0.0,0.0,25409686.73,2493959.98,17550951.47,5364775.28,130.869750693,262.837704745,0.0,0.0,0.0,0.0,0.0,30280427.15,2981034.01,20986648.67,6312744.46,94.1248753463,348.728256277,38559859.79,3803189.03,25663504.7,9093166.0,214.139501385,392.145287002,0.0,0.0,0,-1,0,0
16,MD,1037990.73,103799.08,830392.59,103799.06,3.0,6.0,3.0,15.4114695362,67351.8334875,2.56857825603,5.13715651207,4469355.53,446935.55,3575484.42,446935.56,3.0,3.0,80.1297050873,55776.5129066,26.7099016958,26.7099016958,4469355.53,446935.55,3575484.42,446935.56,3.0,80.1297050873,0.0,0.0,0.0,0.0,0.0,1037990.73,103799.08,830392.59,103799.06,6.0,15.4114695362,0.0,0.0,0.0,0.0,0.0,4469355.53,446935.55,3575484.42,446935.56,3.0,80.1297050873,1037990.73,103799.08,830392.59,103799.06,6.0,15.4114695362,0.0,0.0,0,-1,1,1
17,MI,15816095.68,1517385.02,13029414.95,1269295.64,82.5187601078,144.579371069,82.5187601078,179.462646463,88130.2933601,1.24127422285,2.1748102641,44717088.48,4192539.68,37866206.21,2658342.58,233.293189578,82.5187601078,655.823000134,68184.6907944,2.81115364457,7.94756246068,44717088.48,4192539.68,37866206.21,2658342.58,233.293189578,655.823000134,0.0,0.0,0.0,0.0,0.0,15816095.68,1517385.02,13029414.95,1269295.64,144.579371069,179.462646463,0.0,0.0,0.0,0.0,0.0,20033957.71,1913874.42,16558145.0,1561938.25,82.5187601078,261.563695616,40499226.45,3796050.28,34337476.16,2365699.97,251.915040431,573.721950982,0.0,0.0,0,-1,1,1
18,MN,8339891.51,833989.14,6576926.68,928975.68,66.566955102,90.3973877551,66.566955102,57.1203194839,146005.687387,0.631880200329,0.858088212032,21933585.26,2193358.55,17487347.03,2252879.71,123.124342857,66.566955102,274.538663748,79892.5184548,2.22976754537,4.12424848525,21933585.26,2193358.55,17487347.03,2252879.71,123.124342857,274.538663748,0.0,0.0,0.0,0.0,0.0,8339891.51,833989.14,6576926.68,928975.68,90.3973877551,57.1203194839,0.0,0.0,0.0,0.0,0.0,16886230.34,1688623.05,13550017.82,1647589.47,66.566955102,239.56524399,13387246.43,1338724.64,10514255.89,1534265.92,142.347820408,92.0937392417,0.0,0.0,0,-1,1,0
19,MO,9445238.25,897183.99,8241958.25,306096.05,51.3234641407,88.9484709066,51.3234641407,104.291532246,90565.7251994,1.17249381786,2.03204390023,51260434.9,4678964.84,45847648.18,733821.96,135.712313938,51.3234641407,869.176935453,58975.8342739,6.40455468066,16.9352741481,51260434.9,4678964.84,45847648.18,733821.96,135.712313938,869.176935453,0.0,0.0,0.0,0.0,0.0,9445238.25,897183.99,8241958.25,306096.05,88.9484709066,104.291532246,0.0,0.0,0.0,0.0,0.0,13990792.47,1331799.92,12239863.25,419129.39,51.3234641407,195.588719832,46714880.68,4244348.91,41849743.18,620788.62,149.773856563,777.879747867,0.0,0.0,0,-1,1,1
20,MS,1962132.42,98921.75,1863210.63,0.0,6.76037184595,13.4692164675,6.76037184595,27.9444362736,70215.4948051,2.07468907647,4.13356497399,5211242.1,264734.5,4946507.56,0.0,7.41301460823,6.76037184595,98.7457878286,52774.3229822,13.3205980356,14.6065616032,5211242.1,264734.5,4946507.56,0.0,7.41301460823,98.7457878286,0.0,0.0,0.0,0.0,0.0,1962132.42,98921.75,1863210.63,0.0,13.4692164675,27.9444362736,0.0,0.0,0.0,0.0,0.0,5177557.88,262830.31,4914727.51,0.0,6.76037184595,98.5869305316,1995816.64,100825.94,1894990.68,0.0,13.9214873838,28.1032935706,0.0,0.0,0,-1,1,1
21,MT,38520779.714,3542062.23013,32066310.5244,2912407.06946,128.657757848,203.264573991,130.926816143,684.080115263,56310.3339135,3.36546650423,5.22490453379,165933675.5,15510852.64,135496274.16,14926548.68,346.99103139,130.657757848,3582.23761635,46321.236409,10.3237181722,27.4169530793,165143037.86,15431788.88,134877868.78,14833380.18,344.99103139,3575.73981698,790637.64,79063.76,618405.38,93168.5,6.49779936798,38072278.99,3497212.16,31715511.06,2859555.88,200.995515695,676.708172482,448500.724036,44850.0701345,350799.464439,52851.1894619,7.37194278071,45652673.09,4116644.78,38119526.25,3416502.15,128.657757848,849.222475844,157562643.76,14812356.26,128473853.59,14276433.91,363.99103139,3403.22551362,2.26905829596,2.0,0,-1,1,1
22,ND,3441536.29,340437.11,2596532.09,504567.09,12.4354896142,21.2309792285,12.4354896142,61.9101270943,55589.2299294,2.91602786796,4.97850338143,26385780.53,2619122.58,19290148.83,4476509.14,34.301958457,12.4354896142,613.976082314,42975.2579784,17.8991553233,49.3728917284,26385780.53,2619122.58,19290148.83,4476509.14,34.301958457,613.976082314,0.0,0.0,0.0,0.0,0.0,3441536.29,340437.11,2596532.09,504567.09,21.2309792285,61.9101270943,0.0,0.0,0.0,0.0,0.0,4544609.15,450744.39,3351064.72,742800.04,12.4354896142,91.5941357138,25282707.67,2508815.3,18535616.2,4238276.19,37.021958457,584.292073695,0.0,0.0,0,-1,1,1
23,NE,9881702.55,978513.38,8084938.09,818251.04,24.6320679887,44.490878187,24.6320679887,175.645915237,56259.2220642,3.9479084791,7.13078233293,20523546.94,2039099.46,16666851.18,1817596.38,42.581529745,24.6320679887,406.873596363,50442.0712561,9.55516626104,16.5180445487,20523546.94,2039099.46,16666851.18,1817596.38,42.581529745,406.873596363,0.0,0.0,0.0,0.0,0.0,9881702.55,978513.38,8084938.09,818251.04,44.490878187,175.645915237,0.0,0.0,0.0,0.0,0.0,18109034.64,1801246.61,14733200.17,1574587.89,24.6320679887,366.768161307,12296214.85,1216366.23,10018589.1,1061259.53,58.0482719547,215.751350293,0.0,0.0,0,-1,1,1
24,NH,17138305.94,1713830.6,10687695.16,4736780.18,66.48,110.48,66.48,215.636860499,79477.6268785,1.95181807114,3.24363508573,36832375.25,3683237.5,22984306.85,10164830.9,124.96,66.48,584.817725021,62980.9488909,4.68003941278,8.79689718744,36832375.25,3683237.5,22984306.85,10164830.9,124.96,584.817725021,0.0,0.0,0.0,0.0,0.0,17138305.94,1713830.6,10687695.16,4736780.18,110.48,215.636860499,0.0,0.0,0.0,0.0,0.0,29378897.72,2937889.77,19126542.0,7314465.95,66.48,485.178725265,24591783.47,2459178.33,14545460.01,7587145.13,156.96,315.275860255,0.0,0.0,0,-1,1,0
25,NJ,19075505.2843,1824602.83179,12262632.1089,4988270.28357,132.9228125,179.106071429,134.101383929,138.797022029,137434.542942,0.774943143589,1.03501558271,64047405.96,6139185.3,40483427.69,17424792.99,326.609375,133.9228125,661.195100027,96866.1231115,2.02442168118,4.93713571037,63848157.8,6119260.48,40363878.79,17365018.55,325.609375,660.730211227,199248.16,19924.82,119548.9,59774.44,0.464888800457,18958091.19,1812861.42,12192183.65,4953046.06,177.9275,138.249117371,117414.094286,11741.4117857,70448.4589286,35224.2235714,0.547904657681,19976382.68,1877891.69,13058812.76,5039678.19,132.9228125,152.446932437,62829866.31,6054230.21,39497249.68,17278386.42,335.69125,646.532396161,1.17857142857,1.0,0,-1,1,1
26,NM,6513239.79,467967.07,6044367.31,905.37,17.52,27.24,17.52,98.3577812709,66219.8730578,3.61078492184,5.61402861135,25293684.96,1576849.87,23715077.09,1758.02,25.32,17.52,478.531008692,52856.9403039,18.8993289373,27.3134137381,25293684.96,1576849.87,23715077.09,1758.02,25.32,478.531008692,0.0,0.0,0.0,0.0,0.0,6513239.79,467967.07,6044367.31,905.37,27.24,98.3577812709,0.0,0.0,0.0,0.0,0.0,24344573.56,1487990.83,22855677.36,905.37,17.52,471.48820218,7462351.19,556826.11,6903767.04,1758.02,35.04,105.400587783,0.0,0.0,0,-1,1,1
27,NY,6018579.13,600026.56,4817781.72,600770.85,30.3606361829,69.4396023857,30.3606361829,39.9906563671,150499.633583,0.575905607076,1.31718769416,37764271.49,3773935.8,31702264.29,2288071.35,77.2042147117,30.3606361829,322.080603829,117250.995686,4.17180078874,10.608493244,37764271.49,3773935.8,31702264.29,2288071.35,77.2042147117,322.080603829,0.0,0.0,0.0,0.0,0.0,6018579.13,600026.56,4817781.72,600770.85,69.4396023857,39.9906563671,0.0,0.0,0.0,0.0,0.0,31296393.46,3127445.01,26990867.39,1178081.11,30.3606361829,240.702079471,12486457.16,1246517.35,9529178.62,1710761.09,97.7625447316,121.369180724,0.0,0.0,1,-1,1,1
28,OH,4012076.08,399020.89,2885305.63,727749.58,17.1265367068,24.8228784737,17.1265367068,48.703329268,82377.8608219,1.96203390834,2.84373484855,7997965.66,794894.15,5709646.05,1493425.45,38.8163417669,17.1265367068,106.663787827,74982.9517865,2.74790933333,6.22798348862,7912486.16,786346.2,5666906.3,1459233.65,38.8163417669,106.663787827,85479.5,8547.95,42739.75,34191.8,0.0,3926596.58,390472.94,2842565.88,693557.78,24.8228784737,48.703329268,85479.5,8547.95,42739.75,34191.8,0.0,5272270.43,525040.33,3603638.13,1143591.98,17.1265367068,72.6650308557,6566812.31,651778.81,4905834.05,1009199.45,42.426146827,82.7020862393,0.0,0.0,0,-1,0,0
29,OK,2410238.67,153682.73,2250675.36,5880.57,15.12,19.2,15.12,34.1871797845,70501.2430154,1.78058228044,2.26105686406,9405048.26,633546.58,8717331.39,54170.3,29.16,15.12,183.933841393,51132.7778986,6.30774490374,12.1649366001,9405048.26,633546.58,8717331.39,54170.3,29.16,183.933841393,0.0,0.0,0.0,0.0,0.0,2410238.67,153682.73,2250675.36,5880.57,19.2,34.1871797845,0.0,0.0,0.0,0.0,0.0,3882366.25,227289.11,3649196.56,5880.57,15.12,70.3233174427,7932920.68,559940.2,7318810.19,54170.3,32.24,147.797703735,0.0,0.0,0,-1,1,1
30,OR,18117504.29,1551457.14,15624762.45,941284.76,50.6553805774,84.8564829396,50.6553805774,293.809870856,61664.0422503,3.46243281217,5.80017102836,66659116.81,6169805.07,56723075.48,3766236.2,120.315800525,50.6553805774,1238.52268247,53821.474369,10.2939321109,24.4499729022,66659116.81,6169805.07,56723075.48,3766236.2,120.315800525,1238.52268247,0.0,0.0,0.0,0.0,0.0,18117504.29,1551457.14,15624762.45,941284.76,84.8564829396,293.809870856,0.0,0.0,0.0,0.0,0.0,27497018.29,2296556.35,24206713.74,993748.19,50.6553805774,480.885595073,57279602.81,5424705.86,48141124.19,3713772.77,136.78152231,1051.44695825,0.0,0.0,0,-1,1,1
31,PA,15747140.87,1528666.12,11990901.06,2227573.73,66.9447619048,104.10006079,66.9447619048,179.162219241,87893.2005682,1.72105777731,2.67626942188,29592024.18,2826326.46,23017420.64,3748277.06,144.328510638,66.9447619048,368.147092254,80380.9803273,2.55075792458,5.49926658605,29592024.18,2826326.46,23017420.64,3748277.06,144.328510638,368.147092254,0.0,0.0,0.0,0.0,0.0,15747140.87,1528666.12,11990901.06,2227573.73,104.10006079,179.162219241,0.0,0.0,0.0,0.0,0.0,23144371.24,2185889.51,18171558.14,2786923.65,66.9447619048,307.671962928,22194793.81,2169103.07,16836763.56,3188927.14,165.619047619,239.637348567,0.0,0.0,0,-1,0,0
32,SC,680488.46,36595.38,643893.05,0.0,4.2,4.52,4.2,9.16057568048,74284.4646161,2.0266760355,2.18108944773,1335450.94,73056.37,1262394.59,0.0,8.08,4.2,20.1835996422,66165.1520876,2.49797025274,4.80561896242,1335450.94,73056.37,1262394.59,0.0,8.08,20.1835996422,0.0,0.0,0.0,0.0,0.0,680488.46,36595.38,643893.05,0.0,4.52,9.16057568048,0.0,0.0,0.0,0.0,0.0,851606.91,45151.31,806455.59,0.0,4.2,13.8096771879,1164332.49,64500.44,1099832.05,0.0,8.4,15.5344981348,0.0,0.0,0,-1,0,0
33,SD,33380121.33,3269510.79,25656373.35,4454237.23,42.332,81.6624,42.332,745.411651669,44780.7882467,9.12796650195,17.6087038569,80267819.07,7901448.02,60998440.33,11367930.75,94.4496,42.332,1840.89430421,43602.6223159,19.4907580785,43.4870618967,80267819.07,7901448.02,60998440.33,11367930.75,94.4496,1840.89430421,0.0,0.0,0.0,0.0,0.0,33380121.33,3269510.79,25656373.35,4454237.23,81.6624,745.411651669,0.0,0.0,0.0,0.0,0.0,42271179.46,4144979.85,32016275.54,6109924.1,42.332,892.770905,71376760.94,7025978.96,54638538.14,9712243.88,117.408,1693.53505088,0.0,0.0,0,-1,1,1
34,TN,550638.94,37282.61,457268.06,56088.27,1.73640178004,2.75280356008,1.73640178004,7.81848088569,70427.8680284,2.84018845336,4.50269112574,1812763.65,103128.45,1637289.42,72345.79,2.50560712015,1.73640178004,32.7507812508,55350.2414529,13.0709962417,18.8612921429,1812763.65,103128.45,1637289.42,72345.79,2.50560712015,32.7507812508,0.0,0.0,0.0,0.0,0.0,550638.94,37282.61,457268.06,56088.27,2.75280356008,7.81848088569,0.0,0.0,0.0,0.0,0.0,1757971.52,97649.24,1604234.01,56088.27,1.73640178004,32.4710506555,605431.07,42761.82,490323.47,72345.79,3.50560712015,8.0982114809,0.0,0.0,0,-1,1,1
35,TX,32627195.5057,2970311.06181,27704332.2349,1952552.28,172.272104499,231.730172553,174.474975004,431.749795603,75569.6837335,1.86315744232,2.47456573983,98195008.2,9143708.22,83851546.68,5199753.42,355.865324948,174.272104499,1726.78898337,56865.6675168,4.85236650585,9.90857939273,96650492.78,9060521.72,82390217.74,5199753.42,353.865324948,1712.85369293,1544515.42,83186.5,1461328.94,0.0,13.9352904438,31776603.64,2924498.79,26899552.63,1952552.28,229.527302048,416.400975456,850591.865715,45812.271811,804779.604919,0.0,15.3488201469,48499915.0,4517929.75,40650598.58,3331386.72,172.272104499,772.654646063,79927181.42,7467090.76,68639171.79,3820918.98,388.928417997,1356.60002232,2.20287050476,2.0,0,-1,1,0
36,UT,3291189.1,289343.65,2568262.57,433582.88,5.11160220994,9.56662983425,5.11160220994,60.5229158282,54379.2223981,6.32646155195,11.8403023832,11725754.33,983832.84,9309700.44,1432221.06,6.70298342541,5.11160220994,230.468631811,50877.8753876,34.3829929426,45.0873566339,11725754.33,983832.84,9309700.44,1432221.06,6.70298342541,230.468631811,0.0,0.0,0.0,0.0,0.0,3291189.1,289343.65,2568262.57,433582.88,9.56662983425,60.5229158282,0.0,0.0,0.0,0.0,0.0,9927917.45,804049.16,7872994.5,1250873.8,5.11160220994,189.316573514,5089025.98,469127.33,4004968.51,614930.14,10.8464088398,101.674974125,0.0,0.0,0,-1,1,1
37,VA,3317507.91,331750.79,2378197.58,607559.54,11.0227920228,19.0455840456,11.0227920228,49.5712594358,66924.0190336,2.60276919401,4.49716000568,8449343.81,844934.39,5810564.98,1793844.43,17.0911680912,11.0227920228,150.8020208,56029.3805427,8.82338878159,13.6809277076,8449343.81,844934.39,5810564.98,1793844.43,17.0911680912,150.8020208,0.0,0.0,0.0,0.0,0.0,3317507.91,331750.79,2378197.58,607559.54,19.0455840456,49.5712594358,0.0,0.0,0.0,0.0,0.0,7900866.88,790086.68,5426240.37,1684539.82,11.0227920228,143.11639167,3865984.84,386598.5,2762522.19,716864.15,24.0911680912,57.2568885654,0.0,0.0,0,-1,1,1
38,VT,8360842.28,836084.26,6608097.89,916660.13,24.5129411765,42.5058823529,24.5129411765,128.273743237,65179.6857956,3.01778803629,5.232898913,14655114.9,1465511.49,11765717.27,1423886.12,37.3717647059,24.5129411765,268.656300034,54549.6788951,7.18875070921,10.9597741903,14655114.9,1465511.49,11765717.27,1423886.12,37.3717647059,268.656300034,0.0,0.0,0.0,0.0,0.0,8360842.28,836084.26,6608097.89,916660.13,42.5058823529,128.273743237,0.0,0.0,0.0,0.0,0.0,13978042.89,1397804.3,11232600.87,1347637.71,24.5129411765,265.295004033,9037914.29,903791.45,7141214.29,992908.54,53.2517647059,131.635039238,0.0,0.0,0,-1,1,1
39,WA,6632423.98,538363.16,5658154.28,435906.52,18.2,27.6,18.2,103.943633844,63807.8902454,3.76607368998,5.71118867272,28113819.0,1875654.89,25335683.8,902480.31,33.0,18.2,544.922849802,51592.2923955,16.5128136304,29.9408159232,28113819.0,1875654.89,25335683.8,902480.31,33.0,544.922849802,0.0,0.0,0.0,0.0,0.0,6632423.98,538363.16,5658154.28,435906.52,27.6,103.943633844,0.0,0.0,0.0,0.0,0.0,25410118.39,1635642.0,23046214.75,728261.61,18.2,504.384875372,9336124.59,778376.05,7947623.33,610125.22,40.4,144.481608274,0.0,0.0,0,-1,1,1
40,WI,4947505.85,475830.85,4035041.78,436633.23,20.845664557,35.9038607595,20.845664557,52.8681706617,93581.9376399,1.47249263849,2.53617103534,9402725.22,897178.8,7362286.55,1143259.89,47.2901265823,20.845664557,128.309763665,73281.4475801,2.71324635685,6.15522538578,9402725.22,897178.8,7362286.55,1143259.89,47.2901265823,128.309763665,0.0,0.0,0.0,0.0,0.0,4947505.85,475830.85,4035041.78,436633.23,35.9038607595,52.8681706617,0.0,0.0,0.0,0.0,0.0,7120279.03,668934.19,5888668.09,562676.77,20.845664557,98.4913034736,7229952.04,704075.46,5508660.24,1017216.35,55.4626582278,82.6866308527,0.0,0.0,0,-1,0,0
41,WV,0.0,0.0,0.0,0.0,0.0,0.0,0.0,0.0,,,,0.0,0.0,0.0,0.0,0.0,0.0,0.0,,,,0.0,0.0,0.0,0.0,0.0,0.0,0.0,0.0,0.0,0.0,0.0,0.0,0.0,0.0,0.0,0.0,0.0,0.0,0.0,0.0,0.0,0.0,0.0,0.0,0.0,0.0,0.0,0.0,0.0,0.0,0.0,0.0,0.0,0.0,0.0,0.0,0,-1,0,0
42,WY,22975581.99,2294684.0,16876990.52,3803907.47,32.4,59.4,32.4,473.000805717,48574.0863701,7.96297652722,14.5987902999,52149184.06,5176566.67,38803549.44,8169067.95,40.8,32.4,1052.01903499,49570.5708031,25.7847802693,32.469723302,52149184.06,5176566.67,38803549.44,8169067.95,40.8,1052.01903499,0.0,0.0,0.0,0.0,0.0,22975581.99,2294684.0,16876990.52,3803907.47,59.4,473.000805717,0.0,0.0,0.0,0.0,0.0,50998607.99,5096986.59,37796738.66,8104882.74,32.4,1032.84225234,24126158.06,2374264.08,17883801.3,3868092.68,66.8,492.17758836,0.0,0.0,0,-1,1,1
43,DC,0.0,0.0,0.0,0.0,0.0,0.0,0.0,0.0,,,,0.0,0.0,0.0,0.0,0.0,0.0,0.0,,,,0.0,0.0,0.0,0.0,0.0,0.0,0.0,0.0,0.0,0.0,0.0,0.0,0.0,0.0,0.0,0.0,0.0,0.0,0.0,0.0,0.0,0.0,0.0,0.0,0.0,0.0,0.0,0.0,0.0,0.0,0.0,0.0,0.0,0.0,0.0,0.0,0,-1,0,0
44,DE,0.0,0.0,0.0,0.0,0.0,0.0,0.0,0.0,,,,0.0,0.0,0.0,0.0,0.0,0.0,0.0,,,,0.0,0.0,0.0,0.0,0.0,0.0,0.0,0.0,0.0,0.0,0.0,0.0,0.0,0.0,0.0,0.0,0.0,0.0,0.0,0.0,0.0,0.0,0.0,0.0,0.0,0.0,0.0,0.0,0.0,0.0,0.0,0.0,0.0,0.0,0.0,0.0,0,-1,0,0
45,HI,0.0,0.0,0.0,0.0,0.0,0.0,0.0,0.0,,,,0.0,0.0,0.0,0.0,0.0,0.0,0.0,,,,0.0,0.0,0.0,0.0,0.0,0.0,0.0,0.0,0.0,0.0,0.0,0.0,0.0,0.0,0.0,0.0,0.0,0.0,0.0,0.0,0.0,0.0,0.0,0.0,0.0,0.0,0.0,0.0,0.0,0.0,0.0,0.0,0.0,0.0,0.0,0.0,0,-1,0,0
46,ID,15506538.31,1445684.47,13792029.89,268824.0,59.64,76.28,59.64,228.856982954,67756.4569359,3.00022263967,3.83730689058,37795691.7,3534222.62,33483528.99,777940.05,102.64,59.64,638.443997047,59199.6978197,6.22022600397,10.7049630625,37795691.7,3534222.62,33483528.99,777940.05,102.64,638.443997047,0.0,0.0,0.0,0.0,0.0,15506538.31,1445684.47,13792029.89,268824.0,76.28,228.856982954,0.0,0.0,0.0,0.0,0.0,26412592.78,2536289.91,23461209.89,415093.03,59.64,450.88995734,26889637.23,2443617.18,23814348.99,631671.02,119.28,416.411022661,0.0,0.0,0,-1,1,0
47,ME,2782533.78,158474.74,2624059.03,0.0,6.88,13.76,6.88,37.1715080754,74856.6287479,2.70141773804,5.40283547608,6663785.49,376507.61,6287277.85,0.0,6.88,6.88,120.13081118,55471.0771079,17.460873718,17.460873718,6663785.49,376507.61,6287277.85,0.0,6.88,120.13081118,0.0,0.0,0.0,0.0,0.0,2782533.78,158474.74,2624059.03,0.0,13.76,37.1715080754,0.0,0.0,0.0,0.0,0.0,6663785.49,376507.61,6287277.85,0.0,6.88,120.13081118,2782533.78,158474.74,2624059.03,0.0,13.76,37.1715080754,0.0,0.0,0,-1,1,1
48,NC,349836.75,33417.77,286076.17,30342.81,1.32,2.32,1.32,5.8458801649,59843.2982086,2.51977593315,4.42869709462,1537311.29,151483.81,1238725.84,147101.63,1.64,1.32,39.5401130329,38879.7899672,24.1098250201,29.9546310855,1537311.29,151483.81,1238725.84,147101.63,1.64,39.5401130329,0.0,0.0,0.0,0.0,0.0,349836.75,33417.77,286076.17,30342.81,2.32,5.8458801649,0.0,0.0,0.0,0.0,0.0,1517424.95,150176.59,1220146.73,147101.63,1.32,39.4858031225,369723.09,34724.99,304655.28,30342.81,2.64,5.90019007533,0.0,0.0,0,-1,1,1
49,NV,15861600.17,1586160.02,13461931.43,813508.73,32.0,61.0,32.0,190.582050599,83227.146104,3.12429591146,5.95568908122,174213562.32,17421356.25,147017261.11,9774944.95,35.0,32.0,2344.55048924,74305.741386,66.9871568355,73.2672027888,174213562.32,17421356.25,147017261.11,9774944.95,35.0,2344.55048924,0.0,0.0,0.0,0.0,0.0,15861600.17,1586160.02,13461931.43,813508.73,61.0,190.582050599,0.0,0.0,0.0,0.0,0.0,173928735.19,17392873.53,146781969.29,9753892.35,32.0,2342.91440082,16146427.3,1614642.74,13697223.25,834561.33,64.0,192.218139017,0.0,0.0,0,-1,1,1
50,RI,223008.46,22300.85,156105.93,44601.68,1.0,1.0,1.0,2.1575243862,103363.123692,2.1575243862,2.1575243862,235688.91,23568.89,164982.24,47137.78,2.0,1.0,1.57413991646,149725.515207,0.78706995823,1.57413991646,235688.91,23568.89,164982.24,47137.78,2.0,1.57413991646,0.0,0.0,0.0,0.0,0.0,223008.46,22300.85,156105.93,44601.68,1.0,2.1575243862,0.0,0.0,0.0,0.0,0.0,223008.46,22300.85,156105.93,44601.68,1.0,2.1575243862,235688.91,23568.89,164982.24,47137.78,2.0,1.57413991646,0.0,0.0,1,-1,0,1
